country,year,annual_emission_with_land_usage
Austria,1955,27677960.0
Belgium,1955,89182440.0
Bulgaria,1955,25940268.0
Croatia,1955,14703701.0
Cyprus,1955,3755307.0
Denmark,1955,35529304.0
Estonia,1955,8243915.0
Finland,1955,26228518.0
France,1955,220197890.0
Germany,1955,721708800.0
Greece,1955,23447772.0
Hungary,1955,34812844.0
Ireland,1955,21364718.0
Italy,1955,58033510.0
Latvia,1955,11285925.0
Lithuania,1955,22064044.0
Luxembourg,1955,9586379.0
Malta,1955,265493.44
Netherlands,1955,65073424.0
Poland,1955,152681490.0
Portugal,1955,10368134.0
Romania,1955,80088060.0
Slovakia,1955,30061794.0
Slovenia,1955,5611284.5
Spain,1955,58542010.0
Sweden,1955,71655410.0
Austria,1956,26809512.0
Belgium,1956,93718220.0
Bulgaria,1956,26576864.0
Croatia,1956,15001578.0
Cyprus,1956,4076527.2
Denmark,1956,34326710.0
Estonia,1956,8613554.0
Finland,1956,27334788.0
France,1956,254224560.0
Germany,1956,762687940.0
Greece,1956,25602812.0
Hungary,1956,31817500.0
Ireland,1956,20004206.0
Italy,1956,61044340.0
Latvia,1956,12589347.0
Lithuania,1956,23783848.0
Luxembourg,1956,10065233.0
Malta,1956,216432.48
Netherlands,1956,68584300.0
Poland,1956,168406000.0
Portugal,1956,10709222.0
Romania,1956,84665656.0
Slovakia,1956,32163320.0
Slovenia,1956,5964658.5
Spain,1956,61471824.0
Sweden,1956,74968264.0
Austria,1957,27754866.0
Belgium,1957,93461260.0
Bulgaria,1957,27828728.0
Croatia,1957,15645744.0
Cyprus,1957,4223299.0
Denmark,1957,32881500.0
Estonia,1957,8822174.0
Finland,1957,27097274.0
France,1957,269306300.0
Germany,1957,773794800.0
Greece,1957,27170524.0
Hungary,1957,36970804.0
Ireland,1957,18609508.0
Italy,1957,59533410.0
Latvia,1957,13777238.0
Lithuania,1957,25714780.0
Luxembourg,1957,10540555.0
Malta,1957,226435.2
Netherlands,1957,67826210.0
Poland,1957,182826290.0
Portugal,1957,10965551.0
Romania,1957,90205640.0
Slovakia,1957,33520062.0
Slovenia,1957,6182293.0
Spain,1957,70790560.0
Sweden,1957,69364610.0
Austria,1958,26693976.0
Belgium,1958,84354310.0
Bulgaria,1958,28875728.0
Croatia,1958,15014724.0
Cyprus,1958,4021757.8
Denmark,1958,34049456.0
Estonia,1958,8417306.0
Finland,1958,25445594.0
France,1958,263196530.0
Germany,1958,750441300.0
Greece,1958,24413210.0
Hungary,1958,37437010.0
Ireland,1958,17416912.0
Italy,1958,54552108.0
Latvia,1958,14782205.0
Lithuania,1958,27410364.0
Luxembourg,1958,9784350.0
Malta,1958,240871.36
Netherlands,1958,69837896.0
Poland,1958,180211340.0
Portugal,1958,10332086.0
Romania,1958,92768230.0
Slovakia,1958,36040884.0
Slovenia,1958,6060721.5
Spain,1958,78329540.0
Sweden,1958,71204320.0
Austria,1959,26584780.0
Belgium,1959,85019570.0
Bulgaria,1959,33379804.0
Croatia,1959,14956120.0
Cyprus,1959,3807741.5
Denmark,1959,34150704.0
Estonia,1959,5094523.0
Finland,1959,31420780.0
France,1959,232094610.0
Germany,1959,672624100.0
Greece,1959,17514508.0
Hungary,1959,39778690.0
Ireland,1959,23024760.0
Italy,1959,35811904.0
Latvia,1959,15675698.0
Lithuania,1959,29016996.0
Luxembourg,1959,10006893.0
Malta,1959,296637.44
Netherlands,1959,70018710.0
Poland,1959,132730370.0
Portugal,1959,12068390.0
Romania,1959,91591950.0
Slovakia,1959,36169640.0
Slovenia,1959,6388969.5
Spain,1959,91657630.0
Sweden,1959,70030710.0
Austria,1960,29675460.0
Belgium,1960,87898430.0
Bulgaria,1960,35327876.0
Croatia,1960,14562932.0
Cyprus,1960,3120565.0
Denmark,1960,39866556.0
Estonia,1960,6031248.0
Finland,1960,31240338.0
France,1960,263561860.0
Germany,1960,739648200.0
Greece,1960,18095070.0
Hungary,1960,43765724.0
Ireland,1960,19416748.0
Italy,1960,58288252.0
Latvia,1960,13981291.0
Lithuania,1960,25971242.0
Luxembourg,1960,11119268.0
Malta,1960,254135.03
Netherlands,1960,76322630.0
Poland,1960,145741010.0
Portugal,1960,10225923.0
Romania,1960,92610660.0
Slovakia,1960,37918256.0
Slovenia,1960,6686579.0
Spain,1960,66248980.0
Sweden,1960,79650270.0
Austria,1961,30424362.0
Belgium,1961,89546820.0
Bulgaria,1961,35492436.0
Croatia,1961,13807110.0
Cyprus,1961,2675140.0
Denmark,1961,38344332.0
Estonia,1961,7590651.5
Finland,1961,31634226.0
France,1961,282249730.0
Germany,1961,762640000.0
Greece,1961,17698558.0
Hungary,1961,46548630.0
Ireland,1961,20922734.0
Italy,1961,80337570.0
Latvia,1961,17516594.0
Lithuania,1961,28451360.0
Luxembourg,1961,11202418.0
Malta,1961,191114.25
Netherlands,1961,77776710.0
Poland,1961,153062290.0
Portugal,1961,10916629.0
Romania,1961,97556930.0
Slovakia,1961,39023708.0
Slovenia,1961,6756693.0
Spain,1961,71444050.0
Sweden,1961,72575200.0
Austria,1962,31884996.0
Belgium,1962,94935740.0
Bulgaria,1962,40134856.0
Croatia,1962,13100315.0
Cyprus,1962,3004863.5
Denmark,1962,41615090.0
Estonia,1962,8001085.0
Finland,1962,33290774.0
France,1962,297741700.0
Germany,1962,814119700.0
Greece,1962,35714640.0
Hungary,1962,48225116.0
Ireland,1962,22982604.0
Italy,1962,101532210.0
Latvia,1962,14710508.0
Lithuania,1962,25865654.0
Luxembourg,1962,11181167.0
Malta,1962,213318.08
Netherlands,1962,85155930.0
Poland,1962,162098110.0
Portugal,1962,10991124.0
Romania,1962,99256500.0
Slovakia,1962,40425120.0
Slovenia,1962,6691199.0
Spain,1962,70795240.0
Sweden,1962,69557050.0
Austria,1963,34864280.0
Belgium,1963,102594970.0
Bulgaria,1963,50035828.0
Croatia,1963,13536716.0
Cyprus,1963,2529789.2
Denmark,1963,44686184.0
Estonia,1963,9424541.0
Finland,1963,35476044.0
France,1963,296162200.0
Germany,1963,882115650.0
Greece,1963,24929672.0
Hungary,1963,53962852.0
Ireland,1963,20788862.0
Italy,1963,120006320.0
Latvia,1963,14766286.0
Lithuania,1963,26117120.0
Luxembourg,1963,11085479.0
Malta,1963,280405.9
Netherlands,1963,92680056.0
Poland,1963,177943730.0
Portugal,1963,11645762.0
Romania,1963,101398380.0
Slovakia,1963,39049324.0
Slovenia,1963,7177777.0
Spain,1963,60300430.0
Sweden,1963,70754140.0
Austria,1964,37221070.0
Belgium,1964,100680860.0
Bulgaria,1964,54448850.0
Croatia,1964,13867674.0
Cyprus,1964,2301391.2
Denmark,1964,46508428.0
Estonia,1964,10836472.0
Finland,1964,38738024.0
France,1964,324553660.0
Germany,1964,911331840.0
Greece,1964,21681340.0
Hungary,1964,61006628.0
Ireland,1964,20650632.0
Italy,1964,134051940.0
Latvia,1964,15195005.0
Lithuania,1964,26888270.0
Luxembourg,1964,11963337.0
Malta,1964,355591.2
Netherlands,1964,98262536.0
Poland,1964,187405140.0
Portugal,1964,12688059.0
Romania,1964,104300120.0
Slovakia,1964,49021484.0
Slovenia,1964,7832857.0
Spain,1964,67304290.0
Sweden,1964,72730184.0
Austria,1965,35390536.0
Belgium,1965,102336610.0
Bulgaria,1965,56286076.0
Croatia,1965,13427860.0
Cyprus,1965,2261694.5
Denmark,1965,47173492.0
Estonia,1965,12003202.0
Finland,1965,41269812.0
France,1965,315061980.0
Germany,1965,903654200.0
Greece,1965,39682240.0
Hungary,1965,58930024.0
Ireland,1965,18519104.0
Italy,1965,148735680.0
Latvia,1965,15280639.0
Lithuania,1965,26787414.0
Luxembourg,1965,11863581.0
Malta,1965,338113.94
Netherlands,1965,101243580.0
Poland,1965,194165180.0
Portugal,1965,13215428.0
Romania,1965,109909624.0
Slovakia,1965,43242656.0
Slovenia,1965,7846367.0
Spain,1965,62889628.0
Sweden,1965,73312210.0
Austria,1966,36253508.0
Belgium,1966,102171930.0
Bulgaria,1966,61813964.0
Croatia,1966,13033420.0
Cyprus,1966,2412468.0
Denmark,1966,52794060.0
Estonia,1966,13381080.0
Finland,1966,44703196.0
France,1966,330807740.0
Germany,1966,894851100.0
Greece,1966,34737880.0
Hungary,1966,59151136.0
Ireland,1966,21678334.0
Italy,1966,175949940.0
Latvia,1966,15733934.0
Lithuania,1966,27507560.0
Luxembourg,1966,11284296.0
Malta,1966,286927.84
Netherlands,1966,104249750.0
Poland,1966,198575100.0
Portugal,1966,13596855.0
Romania,1966,111429170.0
Slovakia,1966,42122920.0
Slovenia,1966,7741828.5
Spain,1966,95020360.0
Sweden,1966,81673660.0
Austria,1967,37124080.0
Belgium,1967,104718090.0
Bulgaria,1967,65958936.0
Croatia,1967,12913244.0
Cyprus,1967,2342128.5
Denmark,1967,51870350.0
Estonia,1967,14661370.0
Finland,1967,43172760.0
France,1967,347917280.0
Germany,1967,880778300.0
Greece,1967,35604796.0
Hungary,1967,56565756.0
Ireland,1967,23227500.0
Italy,1967,200451870.0
Latvia,1967,16289347.0
Lithuania,1967,28306922.0
Luxembourg,1967,11038266.0
Malta,1967,400072.16
Netherlands,1967,107593220.0
Poland,1967,207186270.0
Portugal,1967,13757985.0
Romania,1967,129983680.0
Slovakia,1967,41656196.0
Slovenia,1967,8205471.5
Spain,1967,87235010.0
Sweden,1967,75918750.0
Austria,1968,39717576.0
Belgium,1968,115760370.0
Bulgaria,1968,79427910.0
Croatia,1968,13079062.0
Cyprus,1968,2427914.5
Denmark,1968,55460340.0
Estonia,1968,15685390.0
Finland,1968,44997330.0
France,1968,364534600.0
Germany,1968,931383800.0
Greece,1968,36600170.0
Hungary,1968,59212364.0
Ireland,1968,24890092.0
Italy,1968,211496240.0
Latvia,1968,16935572.0
Lithuania,1968,29234808.0
Luxembourg,1968,11957571.0
Malta,1968,523732.16
Netherlands,1968,113852470.0
Poland,1968,222120750.0
Portugal,1968,15051046.0
Romania,1968,127393864.0
Slovakia,1968,43148004.0
Slovenia,1968,8705536.0
Spain,1968,131444770.0
Sweden,1968,84525460.0
Austria,1969,42042940.0
Belgium,1969,120856904.0
Bulgaria,1969,77104900.0
Croatia,1969,12808563.0
Cyprus,1969,2357902.2
Denmark,1969,61274468.0
Estonia,1969,16919524.0
Finland,1969,49245188.0
France,1969,380681380.0
Germany,1969,997567100.0
Greece,1969,38313360.0
Hungary,1969,59632260.0
Ireland,1969,24248376.0
Italy,1969,232764510.0
Latvia,1969,17194820.0
Lithuania,1969,29545344.0
Luxembourg,1969,12890329.0
Malta,1969,544323.8
Netherlands,1969,115994680.0
Poland,1969,242045140.0
Portugal,1969,16294698.0
Romania,1969,133990790.0
Slovakia,1969,45265492.0
Slovenia,1969,8917605.0
Spain,1969,102972420.0
Sweden,1969,91881310.0
Austria,1970,47961012.0
Belgium,1970,122937896.0
Bulgaria,1970,69697020.0
Croatia,1970,15054789.0
Cyprus,1970,2266323.0
Denmark,1970,63397564.0
Estonia,1970,18632284.0
Finland,1970,51692744.0
France,1970,404995780.0
Germany,1970,973578000.0
Greece,1970,35932500.0
Hungary,1970,67139320.0
Ireland,1970,24771832.0
Italy,1970,202426720.0
Latvia,1970,19587362.0
Lithuania,1970,31467938.0
Luxembourg,1970,13455865.0
Malta,1970,560921.75
Netherlands,1970,141512340.0
Poland,1970,254185890.0
Portugal,1970,17324560.0
Romania,1970,140942640.0
Slovakia,1970,51498436.0
Slovenia,1970,10970360.0
Spain,1970,170017260.0
Sweden,1970,97585420.0
Austria,1971,49552116.0
Belgium,1971,119035880.0
Bulgaria,1971,72710170.0
Croatia,1971,15835655.0
Cyprus,1971,2335194.2
Denmark,1971,59245500.0
Estonia,1971,20179292.0
Finland,1971,49947964.0
France,1971,434930880.0
Germany,1971,988950400.0
Greece,1971,38818310.0
Hungary,1971,66598736.0
Ireland,1971,28431574.0
Italy,1971,225956960.0
Latvia,1971,19360644.0
Lithuania,1971,32382508.0
Luxembourg,1971,12941416.0
Malta,1971,562460.6
Netherlands,1971,140625250.0
Poland,1971,262865950.0
Portugal,1971,18262322.0
Romania,1971,145244000.0
Slovakia,1971,53920984.0
Slovenia,1971,11700405.0
Spain,1971,149574020.0
Sweden,1971,88977300.0
Austria,1972,52207116.0
Belgium,1972,128349950.0
Bulgaria,1972,72644000.0
Croatia,1972,13924388.0
Cyprus,1972,2820408.8
Denmark,1972,63952056.0
Estonia,1972,21662278.0
Finland,1972,52576812.0
France,1972,458814460.0
Germany,1972,994128600.0
Greece,1972,40382040.0
Hungary,1972,66664224.0
Ireland,1972,26438420.0
Italy,1972,245158800.0
Latvia,1972,19755522.0
Lithuania,1972,33323544.0
Luxembourg,1972,13250932.0
Malta,1972,746869.75
Netherlands,1972,157752100.0
Poland,1972,280944000.0
Portugal,1972,20150046.0
Romania,1972,148477920.0
Slovakia,1972,54199776.0
Slovenia,1972,10626950.0
Spain,1972,151337140.0
Sweden,1972,87751740.0
Austria,1973,56122196.0
Belgium,1973,136374560.0
Bulgaria,1973,78620440.0
Croatia,1973,16142066.0
Cyprus,1973,410178.88
Denmark,1973,61022856.0
Estonia,1973,23322052.0
Finland,1973,59496956.0
France,1973,491629900.0
Germany,1973,1040090800.0
Greece,1973,44990936.0
Hungary,1973,69515880.0
Ireland,1973,27643412.0
Italy,1973,278015600.0
Latvia,1973,21067594.0
Lithuania,1973,35450524.0
Luxembourg,1973,13945620.0
Malta,1973,718547.06
Netherlands,1973,165128080.0
Poland,1973,288355000.0
Portugal,1973,21809714.0
Romania,1973,162906340.0
Slovakia,1973,54300784.0
Slovenia,1973,12313708.0
Spain,1973,154677400.0
Sweden,1973,90656090.0
Austria,1974,53302420.0
Belgium,1974,132740220.0
Bulgaria,1974,74552696.0
Croatia,1974,15581291.0
Cyprus,1974,-2562383.0
Denmark,1974,57123948.0
Estonia,1974,24459600.0
Finland,1974,56085710.0
France,1974,475776830.0
Germany,1974,1019782300.0
Greece,1974,42452664.0
Hungary,1974,70703510.0
Ireland,1974,29265670.0
Italy,1974,286287800.0
Latvia,1974,21121120.0
Lithuania,1974,35659092.0
Luxembourg,1974,14202043.0
Malta,1974,640137.44
Netherlands,1974,159777710.0
Poland,1974,301590460.0
Portugal,1974,22513566.0
Romania,1974,168177060.0
Slovakia,1974,54685090.0
Slovenia,1974,12137234.0
Spain,1974,168834400.0
Sweden,1974,82660210.0
Austria,1975,50434636.0
Belgium,1975,119724260.0
Bulgaria,1975,93588400.0
Croatia,1975,15869392.0
Cyprus,1975,-2371899.0
Denmark,1975,57637124.0
Estonia,1975,26250486.0
Finland,1975,53871108.0
France,1975,431763460.0
Germany,1975,961814100.0
Greece,1975,44696130.0
Hungary,1975,71283500.0
Ireland,1975,27087844.0
Italy,1975,271913730.0
Latvia,1975,22295952.0
Lithuania,1975,37456776.0
Luxembourg,1975,11645292.0
Malta,1975,568945.94
Netherlands,1975,152966940.0
Poland,1975,332065280.0
Portugal,1975,23193360.0
Romania,1975,178068670.0
Slovakia,1975,57268060.0
Slovenia,1975,12458044.0
Spain,1975,171992350.0
Sweden,1975,83349650.0
Austria,1976,54898716.0
Belgium,1976,127768730.0
Bulgaria,1976,81939640.0
Croatia,1976,15869764.0
Cyprus,1976,-1722948.0
Denmark,1976,61597850.0
Estonia,1976,27621558.0
Finland,1976,57441372.0
France,1976,475671500.0
Germany,1976,1051305200.0
Greece,1976,48105156.0
Hungary,1976,75662040.0
Ireland,1976,26841596.0
Italy,1976,298246720.0
Latvia,1976,23031602.0
Lithuania,1976,38555024.0
Luxembourg,1976,11651846.0
Malta,1976,738845.6
Netherlands,1976,169535580.0
Poland,1976,356898140.0
Portugal,1976,24324634.0
Romania,1976,189169940.0
Slovakia,1976,59629890.0
Slovenia,1976,12714774.0
Spain,1976,187477500.0
Sweden,1976,89790540.0
Austria,1977,53591244.0
Belgium,1977,124169220.0
Bulgaria,1977,81957760.0
Croatia,1977,15822505.0
Cyprus,1977,-1368834.5
Denmark,1977,63057620.0
Estonia,1977,28792042.0
Finland,1977,55053924.0
France,1977,466315460.0
Germany,1977,1014543900.0
Greece,1977,58481656.0
Hungary,1977,78514760.0
Ireland,1977,27840284.0
Italy,1977,293435600.0
Latvia,1977,23422614.0
Lithuania,1977,39053364.0
Luxembourg,1977,10739822.0
Malta,1977,747382.75
Netherlands,1977,163708060.0
Poland,1977,378013280.0
Portugal,1977,24595808.0
Romania,1977,191435000.0
Slovakia,1977,61359740.0
Slovenia,1977,12495437.0
Spain,1977,184298130.0
Sweden,1977,86747336.0
Austria,1978,53873704.0
Belgium,1978,133175510.0
Bulgaria,1978,85569816.0
Croatia,1978,16880840.0
Cyprus,1978,-1100300.8
Denmark,1978,62271948.0
Estonia,1978,30077630.0
Finland,1978,56721696.0
France,1978,484780130.0
Germany,1978,1041544500.0
Greece,1978,55433560.0
Hungary,1978,82919140.0
Ireland,1978,27088910.0
Italy,1978,312349340.0
Latvia,1978,24072792.0
Lithuania,1978,40023236.0
Luxembourg,1978,11661543.0
Malta,1978,874230.4
Netherlands,1978,169803120.0
Poland,1978,391738080.0
Portugal,1978,24737012.0
Romania,1978,205192480.0
Slovakia,1978,61922492.0
Slovenia,1978,13520659.0
Spain,1978,188001730.0
Sweden,1978,79569990.0
Austria,1979,58738940.0
Belgium,1979,133846330.0
Bulgaria,1979,81203470.0
Croatia,1979,19470888.0
Cyprus,1979,-780066.25
Denmark,1979,63665436.0
Estonia,1979,30677376.0
Finland,1979,59581476.0
France,1979,488434080.0
Germany,1979,1080923800.0
Greece,1979,56550630.0
Hungary,1979,81119790.0
Ireland,1979,30934650.0
Italy,1979,328163140.0
Latvia,1979,24394030.0
Lithuania,1979,40428132.0
Luxembourg,1979,11708156.0
Malta,1979,824363.4
Netherlands,1979,186826750.0
Poland,1979,403535100.0
Portugal,1979,26906724.0
Romania,1979,205886800.0
Slovakia,1979,60173800.0
Slovenia,1979,14847804.0
Spain,1979,190685680.0
Sweden,1979,84767160.0
Austria,1980,47077730.0
Belgium,1980,129223896.0
Bulgaria,1980,79408230.0
Croatia,1980,18243236.0
Cyprus,1980,94731.25
Denmark,1980,60832948.0
Estonia,1980,32503642.0
Finland,1980,64293784.0
France,1980,470654000.0
Germany,1980,1063688960.0
Greece,1980,58782564.0
Hungary,1980,81523010.0
Ireland,1980,29786680.0
Italy,1980,331580200.0
Latvia,1980,26715114.0
Lithuania,1980,42881452.0
Luxembourg,1980,10631721.0
Malta,1980,944725.75
Netherlands,1980,176546700.0
Poland,1980,425225730.0
Portugal,1980,28750958.0
Romania,1980,204879220.0
Slovakia,1980,60939040.0
Slovenia,1980,14273293.0
Spain,1980,202344540.0
Sweden,1980,70924680.0
Austria,1981,51299350.0
Belgium,1981,118170800.0
Bulgaria,1981,82251970.0
Croatia,1981,19444194.0
Cyprus,1981,469262.25
Denmark,1981,52103012.0
Estonia,1981,31852790.0
Finland,1981,57101720.0
France,1981,421936640.0
Germany,1981,1012898200.0
Greece,1981,56025416.0
Hungary,1981,81552800.0
Ireland,1981,28873628.0
Italy,1981,323048500.0
Latvia,1981,25272028.0
Lithuania,1981,41549284.0
Luxembourg,1981,9096218.0
Malta,1981,1068825.5
Netherlands,1981,164054930.0
Poland,1981,372572600.0
Portugal,1981,28856076.0
Romania,1981,207691890.0
Slovakia,1981,60525816.0
Slovenia,1981,15322618.0
Spain,1981,195340540.0
Sweden,1981,68420330.0
Austria,1982,49157644.0
Belgium,1982,112132780.0
Bulgaria,1982,91588210.0
Croatia,1982,17895360.0
Cyprus,1982,325739.0
Denmark,1982,53601276.0
Estonia,1982,32670244.0
Finland,1982,47499904.0
France,1982,401826980.0
Germany,1982,981015740.0
Greece,1982,55594716.0
Hungary,1982,82292070.0
Ireland,1982,27869898.0
Italy,1982,313225380.0
Latvia,1982,25626606.0
Lithuania,1982,42327252.0
Luxembourg,1982,8527476.0
Malta,1982,1240520.5
Netherlands,1982,134439420.0
Poland,1982,386478880.0
Portugal,1982,30779044.0
Romania,1982,206649170.0
Slovakia,1982,60096184.0
Slovenia,1982,14028071.0
Spain,1982,198819470.0
Sweden,1982,61033410.0
Austria,1983,47532500.0
Belgium,1983,96833030.0
Bulgaria,1983,91708970.0
Croatia,1983,19304660.0
Cyprus,1983,254003.5
Denmark,1983,51275036.0
Estonia,1983,33187068.0
Finland,1983,45742044.0
France,1983,389572030.0
Germany,1983,977936200.0
Greece,1983,61763540.0
Hungary,1983,85032856.0
Ireland,1983,28980006.0
Italy,1983,306385440.0
Latvia,1983,25604324.0
Lithuania,1983,42466736.0
Luxembourg,1983,8061347.0
Malta,1983,928530.9
Netherlands,1983,138611730.0
Poland,1983,394360320.0
Portugal,1983,31704314.0
Romania,1983,211444830.0
Slovakia,1983,60238510.0
Slovenia,1983,14987709.0
Spain,1983,193437120.0
Sweden,1983,56972284.0
Austria,1984,50405324.0
Belgium,1984,100920490.0
Bulgaria,1984,88571280.0
Croatia,1984,20053620.0
Cyprus,1984,-54139.5
Denmark,1984,50901830.0
Estonia,1984,33790304.0
Finland,1984,46811376.0
France,1984,380088450.0
Germany,1984,1000675100.0
Greece,1984,60623476.0
Hungary,1984,86963670.0
Ireland,1984,29758726.0
Italy,1984,311673800.0
Latvia,1984,26029824.0
Lithuania,1984,42977536.0
Luxembourg,1984,8682490.0
Malta,1984,1297972.0
Netherlands,1984,145612400.0
Poland,1984,403608500.0
Portugal,1984,30613608.0
Romania,1984,202633150.0
Slovakia,1984,62039656.0
Slovenia,1984,15681687.0
Spain,1984,185112660.0
Sweden,1984,55375876.0
Austria,1985,50854156.0
Belgium,1985,100121720.0
Bulgaria,1985,90683570.0
Croatia,1985,20921294.0
Cyprus,1985,20957.5
Denmark,1985,59585092.0
Estonia,1985,36805012.0
Finland,1985,54017984.0
France,1985,374515040.0
Germany,1985,1012804030.0
Greece,1985,63719668.0
Hungary,1985,81860776.0
Ireland,1985,29703428.0
Italy,1985,318577570.0
Latvia,1985,27813016.0
Lithuania,1985,45698876.0
Luxembourg,1985,8922178.0
Malta,1985,1136023.2
Netherlands,1985,148771410.0
Poland,1985,415871940.0
Portugal,1985,29019414.0
Romania,1985,206906530.0
Slovakia,1985,61227136.0
Slovenia,1985,16075515.0
Spain,1985,188917490.0
Sweden,1985,60128420.0
Austria,1986,50370844.0
Belgium,1986,96884024.0
Bulgaria,1986,92594456.0
Croatia,1986,21491506.0
Cyprus,1986,546150.75
Denmark,1986,58152616.0
Estonia,1986,36820024.0
Finland,1986,59247910.0
France,1986,364123800.0
Germany,1986,1016660700.0
Greece,1986,62161596.0
Hungary,1986,79731704.0
Ireland,1986,31020938.0
Italy,1986,314409340.0
Latvia,1986,26325400.0
Lithuania,1986,41915412.0
Luxembourg,1986,8741313.0
Malta,1986,1424599.9
Netherlands,1986,146325230.0
Poland,1986,424925570.0
Portugal,1986,32266314.0
Romania,1986,218182980.0
Slovakia,1986,61702456.0
Slovenia,1986,16672838.0
Spain,1986,177847660.0
Sweden,1986,59836700.0
Austria,1987,54126876.0
Belgium,1987,103552600.0
Bulgaria,1987,92484660.0
Croatia,1987,20902058.0
Cyprus,1987,1207551.2
Denmark,1987,57068060.0
Estonia,1987,36555920.0
Finland,1987,62053056.0
France,1987,351894370.0
Germany,1987,1004588350.0
Greece,1987,66234360.0
Hungary,1987,80844880.0
Ireland,1987,34342804.0
Italy,1987,330821900.0
Latvia,1987,21750172.0
Lithuania,1987,41041904.0
Luxembourg,1987,9074932.0
Malta,1987,1797338.5
Netherlands,1987,153675360.0
Poland,1987,437027330.0
Portugal,1987,33243442.0
Romania,1987,225606880.0
Slovakia,1987,60925188.0
Slovenia,1987,16164499.0
Spain,1987,178548930.0
Sweden,1987,57462090.0
Austria,1988,50064828.0
Belgium,1988,98221060.0
Bulgaria,1988,88142050.0
Croatia,1988,21711508.0
Cyprus,1988,1338356.5
Denmark,1988,53758216.0
Estonia,1988,36688330.0
Finland,1988,58661564.0
France,1988,358300300.0
Germany,1988,1001751550.0
Greece,1988,74040840.0
Hungary,1988,74791300.0
Ireland,1988,33870140.0
Italy,1988,338963300.0
Latvia,1988,21192774.0
Lithuania,1988,41219732.0
Luxembourg,1988,8998164.0
Malta,1988,1957455.2
Netherlands,1988,147935280.0
Poland,1988,418654850.0
Portugal,1988,34339536.0
Romania,1988,210756820.0
Slovakia,1988,59793004.0
Slovenia,1988,16737931.0
Spain,1988,186918660.0
Sweden,1988,55076092.0
Austria,1989,51294024.0
Belgium,1989,105075640.0
Bulgaria,1989,87553800.0
Croatia,1989,21547408.0
Cyprus,1989,1707676.2
Denmark,1989,49309116.0
Estonia,1989,37499970.0
Finland,1989,59586280.0
France,1989,379275740.0
Germany,1989,983977860.0
Greece,1989,77945540.0
Hungary,1989,72647850.0
Ireland,1989,33966224.0
Italy,1989,359985600.0
Latvia,1989,19728704.0
Lithuania,1989,41119852.0
Luxembourg,1989,9691510.0
Malta,1989,2117499.0
Netherlands,1989,164626670.0
Poland,1989,397780740.0
Portugal,1989,41586828.0
Romania,1989,212485620.0
Slovakia,1989,57116664.0
Slovenia,1989,16623977.0
Spain,1989,212180530.0
Sweden,1989,53715050.0
Austria,1990,59835976.0
Belgium,1990,118611900.0
Bulgaria,1990,77826440.0
Croatia,1990,22613120.0
Cyprus,1990,1972705.8
Denmark,1990,52729624.0
Estonia,1990,35196132.0
Finland,1990,65608388.0
France,1990,379149920.0
Germany,1990,1014775230.0
Greece,1990,87093830.0
Hungary,1990,71128700.0
Ireland,1990,18231700.0
Italy,1990,387466080.0
Latvia,1990,21260152.0
Lithuania,1990,39969744.0
Luxembourg,1990,11647362.0
Malta,1990,2378189.5
Netherlands,1990,165403440.0
Poland,1990,352878900.0
Portugal,1990,45271564.0
Romania,1990,177425420.0
Slovakia,1990,63181396.0
Slovenia,1990,15039842.0
Spain,1990,216851470.0
Sweden,1990,54848850.0
Austria,1991,63437696.0
Belgium,1991,126791390.0
Bulgaria,1991,67297860.0
Croatia,1991,31457022.0
Cyprus,1991,2634064.0
Denmark,1991,62995810.0
Estonia,1991,32760414.0
Finland,1991,60458188.0
France,1991,406436740.0
Germany,1991,976293060.0
Greece,1991,85800830.0
Hungary,1991,60106104.0
Ireland,1991,19060298.0
Italy,1991,383960260.0
Latvia,1991,20204870.0
Lithuania,1991,43339570.0
Luxembourg,1991,12784984.0
Malta,1991,2224943.8
Netherlands,1991,174265000.0
Poland,1991,350700480.0
Portugal,1991,46366268.0
Romania,1991,139754200.0
Slovakia,1991,54506660.0
Slovenia,1991,12996295.0
Spain,1991,223756000.0
Sweden,1991,55027104.0
Austria,1992,57515810.0
Belgium,1992,124143520.0
Bulgaria,1992,59959604.0
Croatia,1992,20681128.0
Cyprus,1992,3030587.5
Denmark,1992,58299396.0
Estonia,1992,22179036.0
Finland,1992,59157172.0
France,1992,400846850.0
Germany,1992,950103300.0
Greece,1992,86055620.0
Hungary,1992,54015460.0
Ireland,1992,20163924.0
Italy,1992,381011000.0
Latvia,1992,15943143.0
Lithuania,1992,26823532.0
Luxembourg,1992,12409380.0
Malta,1992,2249519.0
Netherlands,1992,174244620.0
Poland,1992,342740830.0
Portugal,1992,51256508.0
Romania,1992,129269440.0
Slovakia,1992,50555720.0
Slovenia,1992,12418338.0
Spain,1992,225194220.0
Sweden,1992,55849924.0
Austria,1993,58201816.0
Belgium,1993,129382040.0
Bulgaria,1993,60821944.0
Croatia,1993,21518366.0
Cyprus,1993,3604614.2
Denmark,1993,56833430.0
Estonia,1993,14030062.0
Finland,1993,65575896.0
France,1993,378075000.0
Germany,1993,944011650.0
Greece,1993,85535660.0
Hungary,1993,55799780.0
Ireland,1993,20563228.0
Italy,1993,372227740.0
Latvia,1993,23659390.0
Lithuania,1993,17123596.0
Luxembourg,1993,13023922.0
Malta,1993,2844001.5
Netherlands,1993,174073970.0
Poland,1993,344584580.0
Portugal,1993,47185028.0
Romania,1993,119015100.0
Slovakia,1993,47547976.0
Slovenia,1993,12519820.0
Spain,1993,215710430.0
Sweden,1993,55963764.0
Austria,1994,58655624.0
Belgium,1994,127566070.0
Bulgaria,1994,60284956.0
Croatia,1994,25498016.0
Cyprus,1994,3541706.0
Denmark,1994,63271864.0
Estonia,1994,13223194.0
Finland,1994,67207660.0
France,1994,370481200.0
Germany,1994,927707200.0
Greece,1994,88032230.0
Hungary,1994,57924544.0
Ireland,1994,22902784.0
Italy,1994,364925280.0
Latvia,1994,1304268.0
Lithuania,1994,42220056.0
Luxembourg,1994,11736090.0
Malta,1994,2577150.8
Netherlands,1994,174590000.0
Poland,1994,343585800.0
Portugal,1994,46727996.0
Romania,1994,121097784.0
Slovakia,1994,45811570.0
Slovenia,1994,12767832.0
Spain,1994,206921970.0
Sweden,1994,58232816.0
Austria,1995,61456544.0
Belgium,1995,127845940.0
Bulgaria,1995,65427844.0
Croatia,1995,13373083.0
Cyprus,1995,3718493.0
Denmark,1995,59336540.0
Estonia,1995,12578510.0
Finland,1995,64013210.0
France,1995,373405380.0
Germany,1995,921046900.0
Greece,1995,88261760.0
Hungary,1995,56169120.0
Ireland,1995,24842408.0
Italy,1995,397015230.0
Latvia,1995,3205598.0
Lithuania,1995,24379548.0
Luxembourg,1995,9224519.0
Malta,1995,2376904.0
Netherlands,1995,177831950.0
Poland,1995,339115700.0
Portugal,1995,45346844.0
Romania,1995,123620080.0
Slovakia,1995,45831016.0
Slovenia,1995,13148700.0
Spain,1995,261773900.0
Sweden,1995,61111256.0
Austria,1996,65024108.0
Belgium,1996,131979350.0
Bulgaria,1996,73437840.0
Croatia,1996,14015044.0
Cyprus,1996,4116739.5
Denmark,1996,72902260.0
Estonia,1996,14106976.0
Finland,1996,69425740.0
France,1996,389568420.0
Germany,1996,940432800.0
Greece,1996,88053740.0
Hungary,1996,58212004.0
Ireland,1996,30197694.0
Italy,1996,391957900.0
Latvia,1996,769097.0
Lithuania,1996,22644038.0
Luxembourg,1996,9331950.0
Malta,1996,2441394.2
Netherlands,1996,186581520.0
Poland,1996,355996260.0
Portugal,1996,40047760.0
Romania,1996,129114456.0
Slovakia,1996,45965892.0
Slovenia,1996,13358401.0
Spain,1996,237857710.0
Sweden,1996,62953284.0
Austria,1997,65683484.0
Belgium,1997,126478550.0
Bulgaria,1997,48141864.0
Croatia,1997,25482478.0
Cyprus,1997,4701666.5
Denmark,1997,63484504.0
Estonia,1997,15405214.0
Finland,1997,72826590.0
France,1997,380175360.0
Germany,1997,916530400.0
Greece,1997,90905540.0
Hungary,1997,56854536.0
Ireland,1997,31535608.0
Italy,1997,412247940.0
Latvia,1997,-173296.0
Lithuania,1997,21746174.0
Luxembourg,1997,8654468.0
Malta,1997,2448417.5
Netherlands,1997,179794380.0
Poland,1997,348274900.0
Portugal,1997,49044430.0
Romania,1997,115396800.0
Slovakia,1997,46113852.0
Slovenia,1997,14526778.0
Spain,1997,230739360.0
Sweden,1997,58578024.0
Austria,1998,67630184.0
Belgium,1998,132630856.0
Bulgaria,1998,48228030.0
Croatia,1998,26472100.0
Cyprus,1998,4652290.0
Denmark,1998,57600164.0
Estonia,1998,12440768.0
Finland,1998,69772300.0
France,1998,398595360.0
Germany,1998,903923300.0
Greece,1998,94785810.0
Hungary,1998,57984830.0
Ireland,1998,33067402.0
Italy,1998,443245120.0
Latvia,1998,-2450434.5
Lithuania,1998,27578884.0
Luxembourg,1998,7778196.5
Malta,1998,2424505.8
Netherlands,1998,179922430.0
Poland,1998,325121150.0
Portugal,1998,53203570.0
Romania,1998,106512140.0
Slovakia,1998,46281910.0
Slovenia,1998,14830398.0
Spain,1998,248781800.0
Sweden,1998,59565596.0
Austria,1999,65159780.0
Belgium,1999,129887610.0
Bulgaria,1999,38358252.0
Croatia,1999,7058920.0
Cyprus,1999,5526772.0
Denmark,1999,55479524.0
Estonia,1999,12884410.0
Finland,1999,70691860.0
France,1999,393830200.0
Germany,1999,874400450.0
Greece,1999,92975300.0
Hungary,1999,51942336.0
Ireland,1999,36099116.0
Italy,1999,435961760.0
Latvia,1999,-1542090.0
Lithuania,1999,26533850.0
Luxembourg,1999,8492748.0
Malta,1999,2477417.8
Netherlands,1999,174648180.0
Poland,1999,312867780.0
Portugal,1999,70105050.0
Romania,1999,94211170.0
Slovakia,1999,45872600.0
Slovenia,1999,14762087.0
Spain,1999,275157700.0
Sweden,1999,56426530.0
Austria,2000,64419012.0
Belgium,2000,129409490.0
Bulgaria,2000,35898670.0
Croatia,2000,6279924.0
Cyprus,2000,5667246.5
Denmark,2000,54053212.0
Estonia,2000,8394047.0
Finland,2000,68429256.0
France,2000,386884600.0
Germany,2000,878691200.0
Greece,2000,97957010.0
Hungary,2000,50427890.0
Ireland,2000,42239724.0
Italy,2000,435809730.0
Latvia,2000,-3600880.0
Lithuania,2000,-1038636.0
Luxembourg,2000,8879967.0
Malta,2000,2456061.8
Netherlands,2000,175184540.0
Poland,2000,289561400.0
Portugal,2000,61759520.0
Romania,2000,92559150.0
Slovakia,2000,41113064.0
Slovenia,2000,14663266.0
Spain,2000,279862460.0
Sweden,2000,55235020.0
Austria,2001,68150770.0
Belgium,2001,127949656.0
Bulgaria,2001,36572748.0
Croatia,2001,6920433.0
Cyprus,2001,5267265.5
Denmark,2001,53725976.0
Estonia,2001,6644088.0
Finland,2001,74733220.0
France,2001,388383940.0
Germany,2001,894052400.0
Greece,2001,99752240.0
Hungary,2001,51411124.0
Ireland,2001,43924492.0
Italy,2001,430200420.0
Latvia,2001,-1717560.0
Lithuania,2001,2020825.0
Luxembourg,2001,9328636.0
Malta,2001,2686398.8
Netherlands,2001,181590930.0
Poland,2001,271944200.0
Portugal,2001,62656240.0
Romania,2001,99130830.0
Slovakia,2001,43026156.0
Slovenia,2001,16124945.0
Spain,2001,284641920.0
Sweden,2001,56416964.0
Austria,2002,69882280.0
Belgium,2002,128967290.0
Bulgaria,2002,35290260.0
Croatia,2002,8927913.0
Cyprus,2002,7509518.5
Denmark,2002,53109948.0
Estonia,2002,12210935.0
Finland,2002,78748980.0
France,2002,382438620.0
Germany,2002,882236740.0
Greece,2002,99035590.0
Hungary,2002,52069004.0
Ireland,2002,41908876.0
Italy,2002,430418620.0
Latvia,2002,-1955948.0
Lithuania,2002,-2299578.0
Luxembourg,2002,10080874.0
Malta,2002,2722385.0
Netherlands,2002,179659980.0
Poland,2002,254788380.0
Portugal,2002,63718480.0
Romania,2002,102199480.0
Slovakia,2002,42398900.0
Slovenia,2002,16578067.0
Spain,2002,316256000.0
Sweden,2002,57820224.0
Austria,2003,76513520.0
Belgium,2003,131509660.0
Bulgaria,2003,40407200.0
Croatia,2003,9694617.0
Cyprus,2003,7434559.0
Denmark,2003,58513370.0
Estonia,2003,9853692.0
Finland,2003,87229944.0
France,2003,389716160.0
Germany,2003,886138900.0
Greece,2003,100931840.0
Hungary,2003,55204104.0
Ireland,2003,41364104.0
Italy,2003,453649760.0
Latvia,2003,3402799.5
Lithuania,2003,3649435.0
Luxembourg,2003,10555183.0
Malta,2003,2908987.5
Netherlands,2003,190664450.0
Poland,2003,282706530.0
Portugal,2003,57377636.0
Romania,2003,91553256.0
Slovakia,2003,39149820.0
Slovenia,2003,16605193.0
Spain,2003,321936220.0
Sweden,2003,59894600.0
Austria,2004,76275190.0
Belgium,2004,132801740.0
Bulgaria,2004,35216350.0
Croatia,2004,11355058.0
Cyprus,2004,8390249.0
Denmark,2004,58542996.0
Estonia,2004,17189692.0
Finland,2004,84520744.0
France,2004,388765380.0
Germany,2004,871898400.0
Greece,2004,102159760.0
Hungary,2004,53409750.0
Ireland,2004,41717044.0
Italy,2004,457059780.0
Latvia,2004,10186944.0
Lithuania,2004,20399116.0
Luxembourg,2004,11871547.0
Malta,2004,2780246.0
Netherlands,2004,190799200.0
Poland,2004,273242780.0
Portugal,2004,54381800.0
Romania,2004,98321430.0
Slovakia,2004,41128684.0
Slovenia,2004,16816078.0
Spain,2004,334353860.0
Sweden,2004,63201704.0
Austria,2005,77370010.0
Belgium,2005,128000290.0
Bulgaria,2005,36303924.0
Croatia,2005,11967049.0
Cyprus,2005,7220015.0
Denmark,2005,53498790.0
Estonia,2005,13772316.0
Finland,2005,73313950.0
France,2005,391522700.0
Germany,2005,849308000.0
Greece,2005,104843790.0
Hungary,2005,53151944.0
Ireland,2005,43304000.0
Italy,2005,451216030.0
Latvia,2005,14354578.0
Lithuania,2005,9898422.0
Luxembourg,2005,12134755.0
Malta,2005,2586968.8
Netherlands,2005,188145330.0
Poland,2005,280991800.0
Portugal,2005,59168950.0
Romania,2005,90714540.0
Slovakia,2005,42321600.0
Slovenia,2005,16846318.0
Spain,2005,345367070.0
Sweden,2005,59613820.0
Austria,2006,75666776.0
Belgium,2006,125881770.0
Bulgaria,2006,37159890.0
Croatia,2006,11928073.0
Cyprus,2006,7571728.5
Denmark,2006,59406332.0
Estonia,2006,13236791.0
Finland,2006,82894880.0
France,2006,382906780.0
Germany,2006,863190340.0
Greece,2006,102747690.0
Hungary,2006,53031996.0
Ireland,2006,43763588.0
Italy,2006,443536060.0
Latvia,2006,7441262.0
Lithuania,2006,6897425.0
Luxembourg,2006,12089275.0
Malta,2006,2608273.8
Netherlands,2006,181806000.0
Poland,2006,281833400.0
Portugal,2006,52867704.0
Romania,2006,85940460.0
Slovakia,2006,43058490.0
Slovenia,2006,17017946.0
Spain,2006,333600700.0
Sweden,2006,57807316.0
Austria,2007,73536580.0
Belgium,2007,122506580.0
Bulgaria,2007,41788148.0
Croatia,2007,20079848.0
Cyprus,2007,7522679.0
Denmark,2007,57267372.0
Estonia,2007,15645380.0
Finland,2007,82153680.0
France,2007,369888700.0
Germany,2007,837065150.0
Greece,2007,104709220.0
Hungary,2007,52576516.0
Ireland,2007,42501660.0
Italy,2007,464459740.0
Latvia,2007,6138969.0
Lithuania,2007,8379644.0
Luxembourg,2007,11472076.0
Malta,2007,2670616.5
Netherlands,2007,181324320.0
Poland,2007,297112200.0
Portugal,2007,58825564.0
Romania,2007,94504696.0
Slovakia,2007,42955412.0
Slovenia,2007,24433398.0
Spain,2007,343311780.0
Sweden,2007,57567324.0
Austria,2008,73124600.0
Belgium,2008,121679096.0
Bulgaria,2008,41209500.0
Croatia,2008,14972964.0
Cyprus,2008,8240105.0
Denmark,2008,52900988.0
Estonia,2008,14821124.0
Finland,2008,73931310.0
France,2008,361012220.0
Germany,2008,839341630.0
Greece,2008,100972424.0
Hungary,2008,51654430.0
Ireland,2008,42511730.0
Italy,2008,434900480.0
Latvia,2008,6099393.0
Lithuania,2008,11559703.0
Luxembourg,2008,11245147.0
Malta,2008,2631111.8
Netherlands,2008,183402110.0
Poland,2008,287912770.0
Portugal,2008,53888244.0
Romania,2008,95683450.0
Slovakia,2008,43777268.0
Slovenia,2008,20993558.0
Spain,2008,311746750.0
Sweden,2008,55537604.0
Austria,2009,66338284.0
Belgium,2009,109363010.0
Bulgaria,2009,35626456.0
Croatia,2009,14967040.0
Cyprus,2009,6951539.0
Denmark,2009,50235308.0
Estonia,2009,12667454.0
Finland,2009,69393810.0
France,2009,342699900.0
Germany,2009,771523000.0
Greece,2009,95540310.0
Hungary,2009,40345390.0
Ireland,2009,60411960.0
Italy,2009,395373760.0
Latvia,2009,4924751.5
Lithuania,2009,13997424.0
Luxembourg,2009,10709969.0
Malta,2009,2555802.5
Netherlands,2009,177764590.0
Poland,2009,248021040.0
Portugal,2009,49436840.0
Romania,2009,111431430.0
Slovakia,2009,40970430.0
Slovenia,2009,19133952.0
Spain,2009,273630340.0
Sweden,2009,52364148.0
Austria,2010,70789670.0
Belgium,2010,115769880.0
Bulgaria,2010,39942130.0
Croatia,2010,12904094.0
Cyprus,2010,6548283.0
Denmark,2010,56665610.0
Estonia,2010,16061322.0
Finland,2010,78680720.0
France,2010,347831400.0
Germany,2010,818476160.0
Greece,2010,87569840.0
Hungary,2010,41066220.0
Ireland,2010,47795700.0
Italy,2010,391514620.0
Latvia,2010,6673033.5
Lithuania,2010,14095666.0
Luxembourg,2010,11285600.0
Malta,2010,2585280.0
Netherlands,2010,188451280.0
Poland,2010,296560930.0
Portugal,2010,46088864.0
Romania,2010,85428520.0
Slovakia,2010,42484268.0
Slovenia,2010,19771730.0
Spain,2010,254061840.0
Sweden,2010,57913430.0
Austria,2011,68800856.0
Belgium,2011,105849576.0
Bulgaria,2011,50316556.0
Croatia,2011,13862470.0
Cyprus,2011,6127990.5
Denmark,2011,45865624.0
Estonia,2011,16245544.0
Finland,2011,71782080.0
France,2011,326675900.0
Germany,2011,793163140.0
Greece,2011,84809480.0
Hungary,2011,40529530.0
Ireland,2011,45115904.0
Italy,2011,390181020.0
Latvia,2011,7417084.5
Lithuania,2011,15146731.0
Luxembourg,2011,11214997.0
Malta,2011,2555005.0
Netherlands,2011,174329400.0
Poland,2011,278600800.0
Portugal,2011,46843420.0
Romania,2011,83545980.0
Slovakia,2011,42536776.0
Slovenia,2011,19938112.0
Spain,2011,295984800.0
Sweden,2011,53427984.0
Austria,2012,65853372.0
Belgium,2012,104472190.0
Bulgaria,2012,44188536.0
Croatia,2012,28716762.0
Cyprus,2012,5372439.0
Denmark,2012,42635896.0
Estonia,2012,15606214.0
Finland,2012,65575200.0
France,2012,332439000.0
Germany,2012,803034750.0
Greece,2012,81346450.0
Hungary,2012,36057700.0
Ireland,2012,41842396.0
Italy,2012,356078400.0
Latvia,2012,8952074.0
Lithuania,2012,16712645.0
Luxembourg,2012,10974705.0
Malta,2012,2683737.2
Netherlands,2012,172120300.0
Poland,2012,268242850.0
Portugal,2012,47814944.0
Romania,2012,90228700.0
Slovakia,2012,39972270.0
Slovenia,2012,19998484.0
Spain,2012,262239460.0
Sweden,2012,50942750.0
Austria,2013,66602132.0
Belgium,2013,104450200.0
Bulgaria,2013,35810492.0
Croatia,2013,16556041.0
Cyprus,2013,4708619.5
Denmark,2013,46240196.0
Estonia,2013,17855094.0
Finland,2013,68014160.0
France,2013,337233250.0
Germany,2013,825475460.0
Greece,2013,62354110.0
Hungary,2013,33852590.0
Ireland,2013,38566100.0
Italy,2013,322810050.0
Latvia,2013,7231229.0
Lithuania,2013,18139816.0
Luxembourg,2013,10470885.0
Malta,2013,2345796.8
Netherlands,2013,170764020.0
Poland,2013,269394530.0
Portugal,2013,44078150.0
Romania,2013,72906380.0
Slovakia,2013,39204380.0
Slovenia,2013,18963188.0
Spain,2013,237061980.0
Sweden,2013,49470828.0
Austria,2014,62968176.0
Belgium,2014,99580850.0
Bulgaria,2014,40309410.0
Croatia,2014,16834156.0
Cyprus,2014,7522457.5
Denmark,2014,39044020.0
Estonia,2014,18064260.0
Finland,2014,64552320.0
France,2014,306288900.0
Germany,2014,788546050.0
Greece,2014,61067384.0
Hungary,2014,34248160.0
Ireland,2014,36102384.0
Italy,2014,301953860.0
Latvia,2014,7527003.0
Lithuania,2014,16104425.0
Luxembourg,2014,9957158.0
Malta,2014,2330634.0
Netherlands,2014,163219400.0
Poland,2014,256396580.0
Portugal,2014,43454644.0
Romania,2014,73470000.0
Slovakia,2014,35197080.0
Slovenia,2014,17005064.0
Spain,2014,238209650.0
Sweden,2014,48232936.0
Austria,2015,64573284.0
Belgium,2015,104728440.0
Bulgaria,2015,42191376.0
Croatia,2015,16515703.0
Cyprus,2015,5714456.5
Denmark,2015,36880100.0
Estonia,2015,15262637.0
Finland,2015,62366880.0
France,2015,317056300.0
Germany,2015,790941100.0
Greece,2015,55002280.0
Hungary,2015,38057136.0
Ireland,2015,35866308.0
Italy,2015,318795940.0
Latvia,2015,10910232.0
Lithuania,2015,13084697.0
Luxembourg,2015,9446407.0
Malta,2015,1645324.2
Netherlands,2015,169245330.0
Poland,2015,260743420.0
Portugal,2015,47455590.0
Romania,2015,65545440.0
Slovakia,2015,35074224.0
Slovenia,2015,17179962.0
Spain,2015,249348300.0
Sweden,2015,48341440.0
Austria,2016,65110730.0
Belgium,2016,101860450.0
Bulgaria,2016,39397710.0
Croatia,2016,14569187.0
Cyprus,2016,7463658.0
Denmark,2016,38902740.0
Estonia,2016,16234730.0
Finland,2016,66228840.0
France,2016,315408800.0
Germany,2016,796912260.0
Greece,2016,48601990.0
Hungary,2016,39181380.0
Ireland,2016,37991596.0
Italy,2016,320756540.0
Latvia,2016,8275662.5
Lithuania,2016,12208485.0
Luxembourg,2016,9208988.0
Malta,2016,1329147.8
Netherlands,2016,170111220.0
Poland,2016,274659170.0
Portugal,2016,45639820.0
Romania,2016,62549988.0
Slovakia,2016,34807972.0
Slovenia,2016,17929858.0
Spain,2016,239522900.0
Sweden,2016,48409060.0
Austria,2017,67720936.0
Belgium,2017,102366530.0
Bulgaria,2017,42161064.0
Croatia,2017,16178353.0
Cyprus,2017,6876425.0
Denmark,2017,35862676.0
Estonia,2017,18703648.0
Finland,2017,66059416.0
France,2017,322053570.0
Germany,2017,781652860.0
Greece,2017,50530024.0
Hungary,2017,41680964.0
Ireland,2017,31901490.0
Italy,2017,310855460.0
Latvia,2017,9457352.0
Lithuania,2017,14553602.0
Luxembourg,2017,9373479.0
Malta,2017,1506656.6
Netherlands,2017,167322660.0
Poland,2017,289334820.0
Portugal,2017,49864890.0
Romania,2017,64551180.0
Slovakia,2017,35429364.0
Slovenia,2017,17068920.0
Spain,2017,255303150.0
Sweden,2017,48270070.0
Austria,2018,64747220.0
Belgium,2018,103057790.0
Bulgaria,2018,38024344.0
Croatia,2018,14309268.0
Cyprus,2018,6759369.5
Denmark,2018,35666424.0
Estonia,2018,17867320.0
Finland,2018,68349560.0
France,2018,302721340.0
Germany,2018,745749100.0
Greece,2018,50994804.0
Hungary,2018,42264740.0
Ireland,2018,32383244.0
Italy,2018,307649900.0
Latvia,2018,10256626.0
Lithuania,2018,12991658.0
Luxembourg,2018,9668253.0
Malta,2018,1524421.2
Netherlands,2018,163010340.0
Poland,2018,298163740.0
Portugal,2018,45512344.0
Romania,2018,63898640.0
Slovakia,2018,34903516.0
Slovenia,2018,17167974.0
Spain,2018,249668450.0
Sweden,2018,47317430.0
Austria,2019,66160908.0
Belgium,2019,102636440.0
Bulgaria,2019,36843480.0
Croatia,2019,14366387.0
Cyprus,2019,6859091.0
Denmark,2019,31870938.0
Estonia,2019,12544006.0
Finland,2019,65324944.0
France,2019,297019780.0
Germany,2019,698699260.0
Greece,2019,42433764.0
Hungary,2019,42454110.0
Ireland,2019,31246552.0
Italy,2019,300025500.0
Latvia,2019,10389707.0
Lithuania,2019,12725025.0
Luxembourg,2019,9870969.0
Malta,2019,1628062.4
Netherlands,2019,157202460.0
Poland,2019,277587800.0
Portugal,2019,41229924.0
Romania,2019,59272160.0
Slovakia,2019,32159206.0
Slovenia,2019,16416755.0
Spain,2019,231261940.0
Sweden,2019,46415460.0
Austria,2020,59957256.0
Belgium,2020,94161336.0
Bulgaria,2020,31149400.0
Croatia,2020,13356239.0
Cyprus,2020,7128220.0
Denmark,2020,29105060.0
Estonia,2020,9760928.0
Finland,2020,60668344.0
France,2020,263456030.0
Germany,2020,638599230.0
Greece,2020,30688450.0
Hungary,2020,40702748.0
Ireland,2020,103431290.0
Italy,2020,263102050.0
Latvia,2020,10141426.0
Lithuania,2020,12420055.0
Luxembourg,2020,8168999.5
Malta,2020,1577964.0
Netherlands,2020,136767020.0
Poland,2020,263564030.0
Portugal,2020,35079884.0
Romania,2020,55822650.0
Slovakia,2020,29125138.0
Slovenia,2020,14891102.0
Spain,2020,193951900.0
Sweden,2020,42195308.0
Austria,2021,63929456.0
Belgium,2021,98884560.0
Bulgaria,2021,37070284.0
Croatia,2021,13869922.0
Cyprus,2021,6941092.0
Denmark,2021,30326150.0
Estonia,2021,11247872.0
Finland,2021,62710730.0
France,2021,290015940.0
Germany,2021,670440900.0
Greece,2021,31499352.0
Hungary,2021,42278740.0
Ireland,2021,76970900.0
Italy,2021,297446270.0
Latvia,2021,10941209.0
Lithuania,2021,12564862.0
Luxembourg,2021,8533514.0
Malta,2021,1588956.6
Netherlands,2021,140169900.0
Poland,2021,293902430.0
Portugal,2021,33117320.0
Romania,2021,57955756.0
Slovakia,2021,32903660.0
Slovenia,2021,14763726.0
Spain,2021,210309710.0
Sweden,2021,44074136.0
Austria,2022,59629710.0
Belgium,2022,92951730.0
Bulgaria,2022,41167570.0
Croatia,2022,13974498.0
Cyprus,2022,6957324.0
Denmark,2022,29710218.0
Estonia,2022,11412914.0
Finland,2022,63538690.0
France,2022,281911420.0
Germany,2022,657515900.0
Greece,2022,32414146.0
Hungary,2022,38446772.0
Ireland,2022,76318030.0
Italy,2022,298672200.0
Latvia,2022,10582283.0
Lithuania,2022,11264966.0
Luxembourg,2022,7628752.0
Malta,2022,1638785.5
Netherlands,2022,125692680.0
Poland,2022,287777340.0
Portugal,2022,34630460.0
Romania,2022,53124204.0
Slovakia,2022,31651036.0
Slovenia,2022,14076636.0
Spain,2022,225618380.0
Sweden,2022,43668116.0
